headline,date
Parity Says 'No Intention' to Split Ethereum Over Fund Recovery,"Apr 26, 2018"
Crypto Exchanges Pause Services Over Contract Bugs,"Apr 25, 2018"
Ethereum Infighting Spurs Blockchain Split Concerns,"Apr 25, 2018"
War On Miners? Maybe Not On This $2 Billion Blockchain,"Apr 24, 2018"
The Code for Ethereum's Consensus Change Is Now Ready for Review,"Apr 22, 2018"
AWS Is Making Hyperledger and Ethereum Easier to Use,"Apr 20, 2018"
Enterprise Ethereum Alliance Pledges 2018 Blockchain Standards Release,"Apr 19, 2018"
New Ethereum Tech Calls on Slavic Gods for Security,"Apr 19, 2018"
The New Last-Ditch Effort to Unfreeze a $260 Million Ethereum Fortune,"Apr 18, 2018"
Vitalik's Serious Joke: The Case for Ending Ethereum Inflation,"Apr 16, 2018"
What Crypto Investors Can Learn from Billionaire George Soros,"Apr 26, 2018"
"Barclays, Goldman Champion ISDA Standard for Blockchain Derivatives","Apr 25, 2018"
The 17 Millionth Bitcoin Is About to Be Mined: What It Means and Why It Matters,"Apr 25, 2018"
Two Big Crypto Startups Are Out to Build One Universal Wallet,"Apr 24, 2018"
How Far Will Crypto's War On Miners Go?,"Apr 22, 2018"
Golem Arrives: One of Ethereum's Most Ambitious Apps Is Finally Live,"Apr 20, 2018"
Chile Is Using Ethereum's Blockchain to Track Energy Data,"Apr 19, 2018"
Vitalik Opposes Fork to Disable Ethereum ASICs,"Apr 19, 2018"
Vitalik: Ethereum Apps Are Being 'Screwed' By Scaling,"Apr 18, 2018"
Ethereum ASICs Are Here: What the New Miners Mean and What's Next,"Apr 16, 2018"
Bitmain Confirms Release of First Ethereum ASIC Miners,"Apr 12, 2018"
Vitalik: Ether Limit Is a 'Joke' Worth Taking Seriously,"Apr 10, 2018"
120 Million? Vitalik Proposes Cap on Ether Cryptocurrency,"Apr 09, 2018"
Sharding Is Ushering in Radical Ethereum Designs,"Apr 06, 2018"
Vitalik Reveals New Idea for Plasma Scaling On Ethereum,"Apr 04, 2018"
Progress Slows On Once-Hot Ethereum Privacy Projects,"Apr 03, 2018"
Ethereum Foundation Awards Millions In New Grant Funding,"Apr 03, 2018"
Fujitsu Touts New Tech to Detect Ethereum Smart Contract Bugs,"Apr 02, 2018"
"Major Blockchains Are Pretty Much Still Centralized, Research Finds","Apr 01, 2018"
Vulnerable? Ethereum's Casper Tech Takes Criticism at Curacao Event,"Mar 28, 2018"
Ethereum's Raiden Network Has New Scaling Competiton,"Apr 26, 2018"
No Blockchain Is an Island,"Apr 25, 2018"
$35 Million Refund? Developer Appeals to Ethereum for Hack Reversal,"Apr 25, 2018"
Ethereum Governance 'Not That Bad' Says Buterin Amid Fund Debate,"Apr 24, 2018"
High Stakes: Ethereum's Fight Over Lost Funds Explained,"Apr 22, 2018"
Russia Is Leading the Push for Blockchain Democracy,"Apr 20, 2018"
Game Over: Crypto Vigilante Shuts Down Twitter's Favorite Dapp,"Apr 19, 2018"
Vitalik Has a New Idea for ICOs - And It's Being Tested,"Apr 19, 2018"
Doge Is Helping Ethereum Solve Its Biggest Issue,"Apr 18, 2018"
Ethereum Game CryptoKitties Now Has Some Serious Rivals,"Apr 16, 2018"
Silent No More: Ethereum Users Spurn Recovery Code,"Apr 12, 2018"
Vitalik Hopes New Ethereum Fund Will Deliver on Hype,"Apr 10, 2018"
Ethereum Developer Resigns as Code Editor Citing Legal Concerns,"Apr 09, 2018"
Magic Solution? 'Fellowship' of Coders Embark on Ethereum Quest,"Apr 06, 2018"
South Africa's Central Bank Eyes JPMorgan Blockchain Tech,"Apr 04, 2018"
"Prices Aside, Crypto's Tech Stack Is Steadily Improving","Apr 03, 2018"
Musicians Turned Miners? How a DJ Is Disrupting Spotify With Blockchain,"Apr 03, 2018"
Ethereum Devs Call for Public Debate on Fund Recovery,"Apr 02, 2018"
How to Help ICOs Go Legit,"Apr 01, 2018"
CoinDesk Releases 2018 Blockchain Industry Report,"Mar 28, 2018"
Ethereum Users Are Losing Money and Devs Don't Quite Know What to Do,"Apr 12, 2018"
Blockstream Devs Depart for New World Computer Project,"Apr 10, 2018"
$160 Million Stuck: Can Parity Still Shake Up Ethereum?,"Apr 09, 2018"
Investment Fund Moves to Capitalize on Ethereum Ecosystem,"Apr 06, 2018"
San Francisco Blockchain Startups Partner on Decentralized Insurance,"Apr 04, 2018"
The Periodic Table of Blockchain,"Apr 03, 2018"
Part One of Ethereum's Sharding Roadmap Is Nearly Done,"Apr 03, 2018"
Why a $39 Million ICO Chose Stellar Over Ethereum,"Apr 02, 2018"
Decentralization vs Scale: Crypto's Growing Struggle,"Apr 01, 2018"
Canadian Research Body Pilots Ethereum in Transparency Push,"Mar 28, 2018"
Ledger-to-Ledger? Hardware Wallet Integrates with Decentralized Exchange,"Apr 26, 2018"
Blockchain Bloat: How Ethereum Is Tackling Storage Issues,"Apr 25, 2018"
Enterprise Ethereum Alliance Appoints First Executive Director,"Apr 25, 2018"
Atomic Action: Will 2018 Be the Year of the Cross-Blockchain Swap?,"Apr 24, 2018"
Ethereum Price Highs Overshadow New Wave of Tech Issues,"Apr 22, 2018"
What Meltdown and Spectre Flaws Mean for Crypto,"Apr 20, 2018"
RBC Report: Crypto and Blockchain Could Unlock $10 Trillion Market,"Apr 19, 2018"
RSK Beta Brings Ethereum-Style Smart Contracts Closer to Bitcoin,"Apr 19, 2018"
Ethereum Foundation Announces Millions in Grants for Scaling Research,"Apr 18, 2018"
Video: Joe Lubin on Building One of Blockchain's Biggest Startups,"Apr 16, 2018"
Privacy on the Blockchain: Where Are We Headed?,"Apr 12, 2018"
2017 Was Bitcoin's Year. 2018 Will Be Ethereum's,"Apr 10, 2018"
"Poof, Your Money's Gone: Building for Blockchain Users","Apr 09, 2018"
Bought Your First Bitcoin or Ether? Brace for the Fees,"Apr 06, 2018"
'Clear and Loud': Parity to Drop First Bid for Frozen Ether Fix,"Apr 04, 2018"
Crypto Collectables? Ethereum's Next Killer App Is on Its Way,"Apr 03, 2018"
Ethereum Browser Bug Could Put User Funds At Risk,"Apr 03, 2018"
2018: The Year We Make Cont(r)act,"Apr 02, 2018"
Yellowing Paper: What's Delaying a Crucial Ethereum Update?,"Apr 01, 2018"
Plan B? Ethereum Innovators Are Reviving the Fight for Net Neutrality,"Mar 28, 2018"
Scratch That: CryptoKitties Isn't Quite Ethereum's Vision for Apps,"Apr 12, 2018"
Parity Urges 'Rescue' Fork to Reclaim Frozen Millions,"Apr 10, 2018"
Cat Fight? Ethereum Users Clash Over CryptoKitties,"Apr 09, 2018"
Coders Beware: Licensing Issues Abound for Ether Apps,"Apr 06, 2018"
ICO Delayed by Ethereum's CryptoKitties Congestion,"Apr 04, 2018"
PetroBLOQ Becomes Latest Member of Enterprise Ethereum Alliance,"Apr 03, 2018"
Loveable Digital Kittens Are Clogging Ethereum's Blockchain,"Apr 03, 2018"
The Father of the ICO Is All About Identity Now,"Apr 02, 2018"
'Microraiden' Payment Channels Go Live on Ethereum Network,"Apr 01, 2018"
World Computer? New Protocol Could Supercharge Ethereum Blockchain,"Mar 28, 2018"
Wallet Demo Showcases Lightning-Like Network for Ethereum,"Mar 09, 2018"
Circle to Launch Cryptocurrency Investment App in 2018,"Mar 09, 2018"
"Cryptocurrency Price Surge Could Boost GPU Sales, Says Wall Street Analyst","Mar 08, 2018"
Brain Freeze? Parity Bug Continues With No Easy Solution in Sight,"Mar 07, 2018"
"Mike Novogratz Doubles Down on $10,000 Bitcoin","Mar 05, 2018"
Who Needs a CSD? Nivaura to Issue First Regulated Ether Bond,"Mar 02, 2018"
New Code Released for Vlad Zamfir's Ethereum 'Casper' Upgrade,"Mar 02, 2018"
$10 Million: Ethereum.com Domain Name Up for Sale,"Feb 28, 2018"
Ethereum Could Soon Launch Its First Casper Testnet,"Feb 28, 2018"
Friends Don't Let Friends Do Bad Crypto,"Feb 23, 2018"
Parity Team Publishes Postmortem on $160 Million Ether Freeze,"Apr 26, 2018"
Parity Floats Fix for $160 Million Ether Fund Freeze,"Apr 25, 2018"
Ethereum to ICOs: You're Doing It Wrong,"Apr 25, 2018"
'Plenty of Time': Parity Rep Says Startup Won't Push for Emergency Fork,"Apr 24, 2018"
ICO Funds Among Millions Frozen In Parity Wallets,"Apr 22, 2018"
Is Your Ether Frozen? Parity Launches Support Website In Wake of Exploit,"Apr 20, 2018"
Ethereum Security Lead: Hard Fork Required to Release Frozen Parity Funds,"Apr 19, 2018"
"The DAO Again? Fears, Forks and Finger-Pointing In Parity Exploit Aftermath","Apr 19, 2018"
Ethereum Client Bug Freezes User Funds as Fallout Remains Uncertain,"Apr 18, 2018"
Zk-Snarks Everywhere: Ethereum Privacy Tech Hits Tipping Point,"Apr 16, 2018"
Trust No One: Ethereum Smart Contract Security Is Advancing,"Apr 12, 2018"
Hello Moon: Ethereum Developers Launch Lightweight Dapp Browser,"Apr 10, 2018"
Shifting and Changing: Ethereum's Casper Code Takes Shape,"Apr 09, 2018"
Smarter Bug Bounties? Hydra Codes Creative Solution for Ethereum Theft,"Apr 06, 2018"
Ethereum Storage Network Swarm Enters Next Test Phase,"Apr 04, 2018"
Ethereum Wallet Status Pledges $1 Million for New Bug Bounty Program,"Apr 03, 2018"
Ex-Credit Suisse Exec to Launch ICO for Luxury Good Platform,"Apr 03, 2018"
'A Modest Proposal': Vitalik Unveils Multi-Year Vision for Ethereum,"Apr 02, 2018"
ZoKrates Seeks to Bring Best of Zcash to Ethereum with Devcon Debut,"Apr 01, 2018"
Devcon3 Preview: 6 Talks to Watch At Ethereum's Developer Summit,"Mar 28, 2018"
Show of Force: Ethereum Gears Up for Devcon3 Developer Conference,"Apr 12, 2018"
UK Asset Manager Adds Support for Ethereum Exchange-Traded Product,"Apr 10, 2018"
AMD CEO Sees 'Leveling Off' in Cryptocurrency Mining Demand,"Apr 09, 2018"
DTCC Milestone: $11 Trillion in Derivatives Gets Closer to the Blockchain,"Apr 06, 2018"
"Blockchain Forks Are All the Rage, But Can They Ever Be Safe?","Apr 04, 2018"
Enterprise Ethereum Alliance Adds 48 New Members,"Apr 03, 2018"
Upgrade Complete? Ethereum's New Software Isn't Quite Stable Yet,"Apr 03, 2018"
The New Classic? Protesters Are Already Plotting Alternative Ethereums,"Apr 02, 2018"
Ethereum's Gavin Wood Is Calling for More 'Conservative' Hard Forks,"Apr 01, 2018"
"Ethereum's Byzantium Hard Fork Is Running Smoothly, Developers Say","Mar 28, 2018"
Ethereum Executes Byzantium Blockchain Software Upgrade,"Mar 09, 2018"
Hours to Go: How to Watch Ethereum's Fork as It Happens,"Mar 09, 2018"
Ethereum Developers Find Geth Bug as Hard Fork Nears,"Mar 08, 2018"
At Last? Parity Releases Revised Software Ahead of Ethereum Hard Fork,"Mar 07, 2018"
"Ethereum Startup ConsenSys Hires IBM, Oracle Execs in Expansion Push","Mar 05, 2018"
History Repeated? Confidence High Ethereum Will Avoid Blockchain Split,"Mar 02, 2018"
Ethereum Software Sees Delay Ahead of Byzantium Fork,"Mar 02, 2018"
The Byzantium Countdown: What's Left Before Ethereum's Next Fork?,"Feb 28, 2018"
Bitcoin-Ethereum Atomic Swap Code Now Open Source,"Feb 28, 2018"
Ethereum Developers Optimistic Ahead of Byzantium Blockchain Fork,"Feb 23, 2018"
Fight for Your Right: Universal Music Veteran Launches Ethereum IP Platform,"Feb 23, 2018"
Ethereum Client Update Sets Byzantium Hard Fork Date,"Feb 21, 2018"
Ethereum Testnet Faces Attack But Byzantium Delay Unlikely,"Feb 20, 2018"
Ethereum Founder Vitalik Buterin Co-Authors Plan for Interactive ICO Protocol,"Feb 20, 2018"
Miner Argument Continues Over Ethereum's Byzantium Economics,"Feb 18, 2018"
Neo ICO Token Wins Traders as China Worries Fade,"Feb 17, 2018"
Better in Byzantium? Ethereum Takes Baby Steps Toward a Privacy Boost,"Feb 16, 2018"
Ethereum's Byzantium Hard Fork Postponed For Further Testing,"Feb 16, 2018"
Raiden ICO: Ethereum Scaling Solution to Launch Publicly Traded Token,"Feb 15, 2018"
Urbit Is Moving Its Virtual Server Galaxy Over to Ethereum,"Feb 15, 2018"
Raiden Release: Simpler Micropayments Go Live on Ethereum's Testnet,"Apr 26, 2018"
Ethereum's Byzantium Testnet Just Verified A Private Transaction,"Apr 25, 2018"
Ethereum's Next Hard Fork Is Now Officially Being Tested,"Apr 25, 2018"
Geth Releases Software Update Ahead of Ethereum 'Byzantium' Hard Fork,"Apr 24, 2018"
Raiden Preview: Ethereum Scaling Solution Issues Developer Demo,"Apr 22, 2018"
AXA Is Using Ethereum's Blockchain for a New Flight Insurance Product,"Apr 20, 2018"
Ether Nurses China Hangover as Price Struggles Above $300,"Apr 19, 2018"
Ethereum's ERC-20 Token Standard Has Been Formalized,"Apr 19, 2018"
Metropolis Today: The Shifting Plans for Ethereum's Next Big Upgrade,"Apr 18, 2018"
Metropolis Ahead: Ethereum Developers Set September Date for Testnet Launch,"Apr 16, 2018"
Seeing Ghosts: Vitalik Is Finally Formalizing Ethereum's Casper Upgrade,"Apr 12, 2018"
Ethereum's Raiden Scaling Solution Just Passed Another Milestone,"Apr 10, 2018"
Inevitable Bust? GPU Makers See Crypto Mining as Short-Term Sales Boost,"Apr 09, 2018"
Jaguar-Backed Blockchain Startup Wants to Trade Tokens for Transport Data,"Apr 06, 2018"
Ethereum Founder Strikes Deal with Russian Development Bank,"Apr 04, 2018"
Why Big Investors Are Betting Real Money on a Kik Cryptocurrency,"Apr 03, 2018"
Submarine Sends: IC3's Plan to Clamp Down on ICO Cheats,"Apr 03, 2018"
Ethereum's 'Metropolis' Upgrade Could Still Be Months Away,"Apr 02, 2018"
Hyperledger Blockchain Consortium Reveals Hybrid 'Sawtooth Ethereum' Tech,"Apr 01, 2018"
Making Sense of Cryptoeconomics,"Mar 28, 2018"
Decentralized Exchange Protocol 0x Raises $24 Million in ICO,"Apr 12, 2018"
AMD Releases New Software Package for Cryptocurrency Mining,"Apr 10, 2018"
Legally Binding Smart Contracts? 10 Law Firms Join Enterprise Ethereum Alliance,"Apr 09, 2018"
Ethereum + Lightning? Buterin and Poon Unveil 'Plasma' Scaling Plan,"Apr 06, 2018"
Nvidia CEO: Cryptocurrencies Are 'Here to Stay',"Apr 04, 2018"
Enterprise Ethereum Alliance Gets to Work at 90-Member 'Town Hall' Meeting,"Apr 03, 2018"
Bitfinex Is Issuing Another Token - and a New Ethereum Exchange to Go With It,"Apr 03, 2018"
One of Ethereum's Earliest Smart Contract Languages Is Headed for Retirement,"Apr 02, 2018"
AMD: Cryptocurrency Mining Isn't 'A Long-Term Growth Driver',"Apr 01, 2018"
"Parity Wallet Hacker Cashes out $90,000 in Stolen Ether","Mar 28, 2018"
Daimler's €100 Million Ethereum Bond Is Bigger Than Mercedes-Benz,"Mar 09, 2018"
GPU Miners Hit Secondhand Market as Ether Price Gains Taper Off,"Mar 09, 2018"
Ex-LG Security Officer Targets Ad Privacy with Blockchain Search Engine,"Mar 08, 2018"
Bitcoin + Post-Trade? Nivaura Exits Stealth to Help Banks Use Open Blockchains,"Mar 07, 2018"
Tame the Whales? Developer Nick Johnson Thinks He Can Fix ICOs,"Mar 05, 2018"
The $28-Billion Challenge: Can Ethereum Scale to Meet Demand?,"Mar 02, 2018"
Miners Boost Ethereum's Transaction Capacity With Gas Limit Increase,"Mar 02, 2018"
Asus Announces New Graphics Cards Focused on Cryptocurrency Mining,"Feb 28, 2018"
Proof-of-Life: Vitalik Buterin Uses Ethereum to Disprove Death Hoax,"Feb 28, 2018"
Power to the User: Accenture & Microsoft Are Changing Identity with Ethereum,"Feb 23, 2018"
Startups See Service Outages Amid Ethereum Blockchain Backlog,"Feb 23, 2018"
"Armed with an Ethereum ICO, Can Kik Succeed Where Facebook Failed?","Feb 21, 2018"
Too Easy? Critics Take Aim at Ethereum Token Standard Amid ICO Boom,"Feb 20, 2018"
Ethereum 'Tokens' Are All the Rage. But What Are They Anyway?,"Feb 20, 2018"
Survey: Enthusiasm for Ethereum Hit an All-Time High in Q1,"Feb 18, 2018"
Thomson Reuters to Power Blockchain Contracts with Experimental Service,"Feb 17, 2018"
Russian Central Bank Group Prepares 'Masterchain' Ethereum Fork for Testing,"Feb 16, 2018"
"United Nations Sends Aid to 10,000 Syrian Refugees Using Ethereum Blockchain","Feb 16, 2018"
Striking Twice? Lightning's Joseph Poon Takes On Ethereum Exchange Project,"Feb 15, 2018"
CoinDesk Research Launches State of Blockchain Q1 Report,"Feb 15, 2018"
Ethereum Client Update Issue Costs Cryptocurrency Exchange $14 Million,"Feb 14, 2018"
Ethereum Developers Stymie Blockchain Spammer's New Attack,"Feb 11, 2018"
Tokenized Dollars: Singapore's Central Bank Details New Blockchain Trial,"Feb 10, 2018"
Energy Sector Turns to Ethereum to Test Blockchain,"Feb 09, 2018"
Day of Demos: Blockchain-IoT Consortium Kicks Off With Use Cases Aplenty,"Feb 08, 2018"
Blockchain Entrepreneurs Target Apple and Google at Token Summit,"Feb 07, 2018"
ICOs Going Mainstream? Chat App Kik to Launch Token Sale,"Feb 07, 2018"
How Blockchain Tech Could Move Self-Driving Cars Into the Fast Lane,"Feb 05, 2018"
"Coinbase Today: Armstrong Talks Token, ICOs and Blockchain's Netscape","Feb 01, 2018"
Wyre's WeChat and Facebook Bot Authenticates Invoices on Ethereum,"Jan 30, 2018"
Consensus 2017: Decentralized Exchange 0x Wins Proof-of-Work Startup Competition,"Apr 26, 2018"
Consensus 2017: Blockchain Tech Leaders Predict Interoperable Future,"Apr 25, 2018"
Deloitte Joins Blockchain Consortiums Ethereum Alliance and Hyperledger,"Apr 25, 2018"
ShapeShift Breaks New Ground With 'Prism' Digital Asset Portfolio Product,"Apr 24, 2018"
Enterprise Ethereum Alliance Adds 86 Members to Blockchain Consortium,"Apr 22, 2018"
"'Spiritual Experience': Hot, Wild Ethereal Summit Is Sign of the Times","Apr 20, 2018"
Decentralized Ethereum Token Trading Goes Live With 0x Launch,"Apr 19, 2018"
Trust Your Oracle? Cornell Launches Tool for Confidential Blockchain Queries,"Apr 19, 2018"
$600k for an Ethereum Name? A Thriving Auction Market Is Underway,"Apr 18, 2018"
Ethereum Exchange Protocol Race Heats Up With 'Swap' Launch,"Apr 16, 2018"
Regulating Ethereum? EU Parliament Weighs Blockchain's Big Issues,"Apr 12, 2018"
All Systems Go? Ethereum Domain Effort Prepares for Launch (Again),"Apr 10, 2018"
"5 Fast Facts on Ether, The Ethereum Token That's Up 900% This Year","Apr 09, 2018"
ICO Debate Exposes Rift in Enterprise Ethereum Alliance,"Apr 06, 2018"
Ethereum's Ether Token Tops $60 to Set New All-Time High,"Apr 04, 2018"
Former Coinbase Engineer Launches Ethereum Search Engine,"Apr 03, 2018"
What's Driving Ether Classic to All-Time Highs?,"Apr 03, 2018"
ICO Insanity? $300 Million Gnosis Valuation Sparks Market Reaction,"Apr 02, 2018"
The UN Wants to Adopt Bitcoin And Ethereum - And Soon,"Apr 01, 2018"
What's to Do Before Ethereum Enters 'Metropolis'?,"Mar 28, 2018"
Watch This Ethereum Slot Machine Make Payouts in Real Time,"Apr 12, 2018"
Is $40 the New Floor for Ethereum's Ether Tokens?,"Apr 10, 2018"
Take Two: Ethereum Domain Registrar Relaunches on Testnet,"Apr 09, 2018"
Ethereum Developers Eye Proof-of-Stake Shift with New Geth Update,"Apr 06, 2018"
The DAO Ethereum Classic Refund Effort Has Been Extended,"Apr 04, 2018"
Exchange Bug Discovery Averts Ethereum Token Theft,"Apr 03, 2018"
Vitalik Buterin Doubles Down on Ethereum Incentive Strategy,"Apr 03, 2018"
"Ethereum's Difficulty Bomb: All Smoke, No Fire?","Apr 02, 2018"
Building 'The Blockchain': Developers Aren't Giving Up on Big Ambitions,"Apr 01, 2018"
Ethereum Prediction Market Project Gnosis Sets ICO Launch Date,"Mar 28, 2018"
DAO Manager Aragon Gets Alpha Release,"Mar 09, 2018"
A Public-Private Ethereum? It Won't Be As Easy As It Sounds,"Mar 09, 2018"
Disruption Not Included? Ethereum Alliance Shows Blockchain Shift,"Mar 08, 2018"
Vitalik Buterin Calls for Collaboration at Enterprise Ethereum Launch,"Mar 07, 2018"
Big Corporates Unite for Launch of Enterprise Ethereum Alliance,"Mar 05, 2018"
Ethereum Economics Gets Spotlight in Vitalik Buterin EDCON Keynote,"Mar 02, 2018"
New Ethereum Blockchain Consortium Could Run on Experimental Tech,"Mar 02, 2018"
Rebranding The DAO: The Contentious Blockchain Concept is Back,"Feb 28, 2018"
Ether Prices Just Hit a New 2017 High,"Feb 28, 2018"
Vitalik Buterin Issues Update on Ethereum's 'Metropolis' Upgrade,"Feb 23, 2018"
Ethereum IoT Project Wins $100k in Dubai Blockchain Hackathon,"Feb 23, 2018"
"JP Morgan, Santander Said to Join New Ethereum Blockchain Group","Feb 21, 2018"
Ethereum Job Market Colony Enters Beta,"Feb 20, 2018"
Swiss Blockchain Consortium Develops Ethereum Trading Tool,"Feb 20, 2018"
Zcash + Ethereum = ♥: Why Two Blockchains Are Evolving Together,"Feb 18, 2018"
Proposed 'Ethereum' Investment Vehicle Sparks Controversy,"Feb 17, 2018"
Where's Casper? Inside Ethereum's Race to Reinvent its Blockchain,"Feb 16, 2018"
What is 'Enterprise Ethereum'? Details Emerge on Secret Blockchain Project,"Feb 16, 2018"
'Blessing and a Curse': The DAO's Developers on Blockchain in 2016,"Feb 15, 2018"
Austria's Erste Bank Awards Ethereum Projects in Startup Contest,"Feb 15, 2018"
Ether Prices Plunge To 7-Month Low,"Feb 14, 2018"
WeChat-Inspired Wallets Are Coming to Ethereum,"Feb 11, 2018"
"Ethereum's Fourth Fork: So Far, So Good","Feb 10, 2018"
Ethereum Sets Date for Fourth Blockchain Fork,"Feb 09, 2018"
Microsoft Doubles Down on Ethereum With New Blockchain Product,"Feb 08, 2018"
Ethereum Forks But Blockchain Attacks Keep On Coming,"Feb 07, 2018"
Hopes Are High Tomorrow's Ethereum Fork Won't Be Like the Last,"Feb 07, 2018"
"So, It Looks Like Ethereum is Going to Have to Fork Again...","Feb 05, 2018"
"So, Ethereum's Blockchain is Still Under Attack...","Feb 01, 2018"
Here's A First Look at Thomson Reuters's New Ethereum Identity Tools,"Jan 30, 2018"
"In Formal Verification Push, Ethereum Seeks Smart Contract Certainty","Jan 29, 2018"
World's Largest Mining Company to Use Blockchain for Supply Chain,"Jan 28, 2018"
"At Ethereum Mega-Event, the 'Church of Vitalik' Sobers Up","Jan 26, 2018"
Thomson Reuters Demos New Ethereum Blockchain Use Cases,"Jan 25, 2018"
Nasdaq Veteran Joins Ethereum Foundation as Security Lead,"Jan 24, 2018"
Santander Vies to Become First Bank to Issue Cash on Blockchain,"Jan 22, 2018"
Ethereum's Creator Proves Blockchain Scaling Vision is No Joke,"Jan 18, 2018"
Ethereum's 'Holy Trinity' Takes Shape As Swarm Testnet Arrives,"Jan 18, 2018"
Vitalik Buterin to Debut Ethereum Scaling Paper at Devcon,"Jan 17, 2018"
Blockchain Veterans Unveil Secure Smart Contracts Framework,"Jan 11, 2018"
Smart Contract Analyzer to Debut at Ethereum Conference,"Apr 26, 2018"
The Stolen DAO Funds Are On the Move,"Apr 25, 2018"
Building the Foundations for a Scalable Ethereum Community,"Apr 25, 2018"
Code is Law? Not Quite Yet,"Apr 24, 2018"
Ethereum Wallet Update Sparks Debate Over 'Corporate' Integration,"Apr 22, 2018"
"One Month After Ethereum Fork, Millions in DAO Funds Unclaimed","Apr 20, 2018"
The Dream of The DAO Stubbornly Lives On,"Apr 19, 2018"
Ethereum Prediction Market Service Takes First Steps With Beta Launch,"Apr 19, 2018"
Why Ethereum Classic Must Die,"Apr 18, 2018"
'Big Four' Accounting Firms Meet to Consider Blockchain Consortium,"Apr 16, 2018"
The DAO Hacker is Getting Away,"Apr 12, 2018"
The Three Value Propositions of Ethereum Classic,"Apr 10, 2018"
Rise of Replay Attacks Intensifies Ethereum Divide,"Apr 09, 2018"
Coinbase's First Employee is Leaving to Start His Own Hedge Fund,"Apr 06, 2018"
Ethereum's Two Ethereums Explained,"Apr 04, 2018"
KPMG: DAO Failure Won't Hinder Private Blockchain Progress,"Apr 03, 2018"
Coinbase: 'Longest Chain' Likely to Decide Ethereum Support,"Apr 03, 2018"
Ethereum Creator Vitalik Buterin Addresses 'Classic' Blockchain,"Apr 02, 2018"
Has Ethereum's Hard Fork Created a New Kind of Double Spend?,"Apr 01, 2018"
Ethereum's Tale of Two Chains,"Mar 28, 2018"
Ethereum Hard Fork Creates Competing Currencies,"Apr 12, 2018"
Ether Withdrawals Slow as Millions in DAO Funds Remain Unclaimed,"Apr 10, 2018"
Why Big Bank Consultants Were Watching Ethereum's Hard Fork,"Apr 09, 2018"
DAO Critic Defends Ethereum Hard Fork as 'Rite of Passage',"Apr 06, 2018"
Nearly Half of All DAO Funds Withdrawn After Ethereum Hard Fork,"Apr 04, 2018"
Ethereum Executes Blockchain Hard Fork to Return DAO Funds,"Apr 03, 2018"
The Hard Fork: What's About to Happen to Ethereum and The DAO,"Apr 03, 2018"
"For Ether Investors, All Eyes Remain on Divisive Fork Debate","Apr 02, 2018"
Why Ethereum Needs 'Dumb' Contracts,"Apr 01, 2018"
ItBit Explores Adding Ether to Bitcoin Exchange,"Mar 28, 2018"
Bid to Blacklist The DAO Attacker Advances With Ethereum Soft Fork Vote,"Mar 09, 2018"
Bitcoin Rollercoaster Rides Brexit As Ether Price Holds Amid DAO Debacle,"Mar 09, 2018"
CoinDesk's Ethereum Research Report Now Available,"Mar 08, 2018"
Ether Prices Fluctuate Wildly Amid Ethereum Fork Concerns,"Mar 07, 2018"
Cornell Professor Calls for 'DAO 2.0' Movement,"Mar 05, 2018"
DAO Debacle Escalates: Attacker Counter-Attacks Ethereum Developers,"Mar 02, 2018"
What Ethereum's DAO Disaster Means for Bitcoin Development,"Mar 02, 2018"
Ethereum Developers Launch White Hat Counter-Attack on The DAO,"Feb 28, 2018"
Coinbase Co-Founder Cautions Against Ethereum Hard Fork,"Feb 28, 2018"
What We Can Learn From The DAO,"Feb 23, 2018"
Investor Tim Draper is Still Buying Bitcoin and Now Owns Ether,"Feb 23, 2018"
Why the Wrong Response to The DAO Attack Could Kill Ethereum,"Feb 21, 2018"
How to Sue The DAO Hacker,"Feb 20, 2018"
"The DAO is Dead, Devs Say. But Can Anyone Decide its Fate?","Feb 20, 2018"
Will Ethereum Fork? DAO Attack Prompts Heated Debate,"Feb 18, 2018"
The DAO Attacked: Code Issue Leads to $60 Million Ether Theft,"Feb 17, 2018"
Ether Prices Pass $20 Milestone in Network First,"Feb 16, 2018"
Will The DAO Become Ethereum's Mt Gox?,"Feb 16, 2018"
Realtor-Backed Incubator Invests in Ethereum Identity Startup,"Feb 15, 2018"
Prenup Built in Ethereum Smart Contract Rethinks Marriage Obligations,"Feb 15, 2018"
Industry Observers Say Coinbase's Ethereum Embrace a 'No Brainer',"Feb 14, 2018"
R3 Publishes Vitalik Buterin Report on Ethereum for Banks,"Feb 11, 2018"
Microsoft to Develop Identity Platform for Multiple Blockchains,"Feb 10, 2018"
Lawyers Be DAMNed: Andreas Antonopoulos Takes Aim at Arbitration With DAO Proposal,"Feb 09, 2018"
Can a New Social Operating System Fix The DAO?,"Feb 08, 2018"
Ethereum Startup Offers Grants to Open Blockchain Developers,"Feb 07, 2018"
Bitcoin Miners Follow Profit to Ethereum Blockchain,"Feb 07, 2018"
Coinbase Exchange to Rebrand Following Ethereum Trading Launch,"Feb 05, 2018"
What Investors Should Know Before Trading Ether,"Feb 01, 2018"
Winklevoss Bitcoin Exchange Gemini to Launch Ether Trading,"Jan 30, 2018"
"Ethcore Raises $750,000 to Help Ethereum Go Enterprise","Jan 29, 2018"
"For Blockchain VCs, the Time for Ethereum Investments Has Come","Jan 28, 2018"
Insurance Giant John Hancock Begins Blockchain Tech Tests,"Jan 26, 2018"
Who Will Pay for Turing-Complete Smart Contracts?,"Jan 25, 2018"
Ether Prices Plunge 50% as Bitcoin Stays in Holding Pattern,"Jan 24, 2018"
Ethereum Used for 'First' Paid Energy Trade Using Blockchain Tech,"Jan 22, 2018"
Why Datt is Sticking With Bitcoin Over Ethereum,"Jan 18, 2018"
Microsoft Adds Ethereum to Windows Platform For Over 3 Million Developers,"Jan 18, 2018"
Vitalik Buterin Charts Ethereum's Path Forward at Coinbase HQ,"Jan 17, 2018"
BitGo Engineers Launch Ethereum Wallet Side Project,"Jan 11, 2018"
Bitcoin Startups Eye Ethereum As Platform's Profile Grows,"Jan 09, 2018"
CoinDesk's Smart Contracts Research Report Now Available,"Jan 06, 2018"
Ethereum Blockchain Project Launches First Production Release,"Jan 03, 2018"
Bitcoin Exchange Bitfinex Adds Ether Trading Amid Increasing Demand,"Jan 03, 2018"
What's the Big Idea Behind Ethereum's World Computer?,"Jan 02, 2018"
Ethereum Will Arrive (and 15 Other Blockchain Predictions for 2016),"Jan 01, 2018"
Ethereum Swaps Tool Added to Microsoft's Blockchain Sandbox,"Dec 27, 2017"
Cryptography Pioneer Nick Szabo Touts Blockchain Tech's Security,"Dec 27, 2017"
This Robot Plant Needs You and Bitcoin to Reproduce,"Dec 23, 2017"
Microsoft Rolls Out Ethereum Toolkit for Business Users,"Dec 18, 2017"
Chinese Auto Giant Wanxiang Plans $50 Million Blockchain Fund,"Apr 26, 2018"
Ethereum: Bitcoin Price Decline Created $9 Million Funding Shortfall,"Apr 25, 2018"
"IPO and Insurance Projects Win £2,000 at Blockchain Hackathon","Apr 25, 2018"
Bitcoin's Future Moves Into Focus at Scaling Bitcoin Day 2,"Apr 24, 2018"
UBS Sheds New Light on Blockchain Experimentation,"Apr 22, 2018"
15-Year-Old 'Bitcoin Kid' Wants to Make Ethereum Easier,"Apr 20, 2018"
Research Examines Blockchain Securities Under US Commercial Law,"Apr 19, 2018"
Vitalik Buterin: On Public and Private Blockchains,"Apr 19, 2018"
Ethereum Launches Long-Awaited Decentralized App Network,"Apr 18, 2018"
"Crypto 2.0 Roundup: Ethereum's ÐΞVCON, Vizor's Virtual Reality and a Blockchain University","Apr 16, 2018"
Crypto 2.0 Roundup: Ethereum's Counterparty Fork and a Vote for Colored Coins,"Apr 12, 2018"
Ethereum's Vitalik Buterin Wins World Technology Network Award,"Apr 10, 2018"
Counterparty Ignites Debate With Ethereum Software Integration,"Apr 09, 2018"
"Crypto 2.0 Roundup: SEC Rumours, Swarm's Payday and Ethereum's Expansion","Apr 06, 2018"
"Crypto 2.0 Roundup: Counterparty Debuts Multisig, Ethereum's Crowdsale and Comedians Go Crypto","Apr 04, 2018"
"Ethereum Launches Own 'Ether' Coin, With Millions Already Sold","Apr 03, 2018"
$100k Peter Thiel Fellowship Awarded to Ethereum's Vitalik Buterin,"Apr 03, 2018"
"Roll up for Branded coins, Roll on the Robot Overlords - or Just Roll Your Own","Apr 02, 2018"
Ethereum Launches 'Cryptocurrency 2.0' Network,"Apr 01, 2018"
